anoInicio,id,nome,coordenador,campusLotacao,campusExecucao,area,financiamentos,atualizadoEm,parecer
2026,PJ 9751,Sentir para Conservar: A Trilha das Abelhas Nativas,KATIA APARECIDA KERN CARDOSO,Linhares,Linhares,Biologia Geral,1,27/08/2026 15:32:17,Aprovado
2025,PJ 9708,CADEIA PRODUTIVA DOS PRODUTOS HORTIFRUTI NO MUNICÍPIO DE PORTO ACRE,Lilliane Maria de Oliveira Martins,Linhares,Linhares,Agronomia,0,08/06/2026 21:27:44,Aprovado
2026,PJ 9707,Adoção de Novas Tecnologias por Pequenos Produtores: Barreiras e Oportunidades,Lilliane Maria de Oliveira Martins,Linhares,Linhares,Agronomia,0,08/06/2026 21:28:37,Aprovado
2026,PJ 9691,Desenvolvimento de Conteúdos Audiovisuais e Digitais para o Ensino de Astronomia,Ricardo Rodrigo Silva Lopes,Linhares,Linhares,Ensino,0,24/06/2026 12:12:20,Aprovado
2026,PJ 9657,Planta Didática Modular para Ensino de Automação Industrial Baseada em CLP (PLC),Ronaldo Do Amaral Oliveira,Linhares,Linhares,Agronomia,0,04/05/2026 22:52:01,Aprovado
2026,PJ 9647,Sistema inteligente com arquitetura REST e redes neurais para diagnóstico de máquinas rotativas por análise de vibração,Alex Brandão Rossow,Linhares,Linhares,Engenharia Elétrica,0,27/08/2026 14:22:23,Aprovado
2026,PJ 9645,Literatura & Teatro: mediação de leitura dos clássicos no Ensino Médio,Adriana Pin,Linhares,Linhares,Letras,0,04/05/2026 22:28:38,Aprovado
2026,PJ 9633,Assistente 01: Plataforma de Gestão de Assistências Técnicas Potencializada por Inteligência Artificial,Joao Antonio Campos Panceri,Linhares,Linhares,Ciência da Computação,0,11/05/2026 11:25:58,Aprovado
2026,PJ 9626,Análise Comparativa de Estratégias de Controle para a Regulação de Frequência em Microrredes com Penetração de Recursos Energéticos Distribuídos,Roberto Felipe Andrade Menezes,Linhares,Linhares,Engenharia Elétrica,0,24/08/2026 14:40:01,Aprovado
2026,PJ 9602,Estudo Comparativo entre PLA e PET reciclado para impressão 3D através de caracterização mecânica,FRANCISCO ANDSON MARQUES,Linhares,Linhares,Engenharia Mecânica,0,28/05/2026 21:43:49,Aprovado
2026,PJ 9545,Desenvolvimento de uma ferramenta de correção automatizada de resumos manuscritos baseada em modelos multimodais de linguagem,Lucas Vago Santana,Linhares,Linhares,Ciência da Computação,0,10/08/2026 07:16:43,Aprovado
2026,PJ 9526,Desenvolvimento de um Sistema com Recursos Didáticos em Impressão 3D para Simulação de Operações em Centros de Distribuição Logísticos.,VALQUIRIA CONSTANCIO BATISTA,Linhares,Linhares,Engenharia Elétrica,0,03/08/2026 12:32:50,Aprovado
2026,PJ 9507,Raciocínio hierárquico e verificação visual em malha fechada com modelos de visão-linguagem para manipulação robótica em ambiente simulado,Lucas Vago Santana,Linhares,Linhares,Engenharia Elétrica,0,10/08/2026 07:13:51,Aprovado
2026,PJ 9417,Assistente 01,GUILHERME MATIAS FRATESCHI FELÍCIO,Linhares,Linhares,Outros,0,04/05/2026 16:44:15,Recusado
2026,PJ 9334,Retrofit com o uso de microcontroladores de placas analógicas de acionamento de motor DC,Carlos Torturella Valadão,Linhares,Linhares,Engenharia Elétrica,0,27/08/2026 00:11:56,Aprovado
2025,PJ 9311,Apropriação da leitura e da escrita de estudantes do ensino médio atendidos pela Educação Especial: articulação entre a teoria do desenvolvimento humano de Vygotsky e o método silábico,Merislandia Paulo da Silva Carvalho,Linhares,Linhares,Educação,2,20/07/2026 10:27:57,Aprovado
2026,PJ 9275,Desenvolvimento e caracterização de células solares sensibilizadas por corantes naturais de macropitílio e cacau dopadas com metal,Tales Costa De Freitas,Linhares,Linhares,Física,0,07/08/2026 09:36:23,Aprovado
2026,PJ 9231,Colmeias do Futuro: Impressão 3D e Preservação de Abelhas Nativas na Escola,Claudio Sergio Marinato,Linhares,Linhares,Educação,5,30/06/2026 14:01:34,Salvo
2026,PJ 9214,Uso de antocianinas extraídas da casca do cacau como inibidores de corrosão do aço.,Marcio Vieira Rodrigues,Linhares,Aracruz,Química,0,13/02/2026 14:42:39,Aprovado
2025,PJ 9069,Desenvolvimento de técnica espectroscópica aplicada à detecção de compostos indicadores de qualidade no cacau fermentado na região de Linhares–ES,Ronaldo Barros Orfão Junior,Linhares,Linhares,Química,0,05/03/2026 12:26:44,Aprovado
2025,PJ 9012,"Ressonância das Características do Comportamento Empreendedor do Discentes do IFES – Campus Linhares como estimulo para avaliar a eficácia dos programas de empreendedorismo e ajustes curriculares, incentivando a inovação e criatividade.",Reginaldo Vasconcelos Sena,Linhares,Linhares,Administração,0,04/08/2026 17:57:07,Aprovado
2025,PJ 9008,Literatura & Teatro: mediação de leitura dos clássicos no Ensino Médio,Adriana Pin,Linhares,Linhares,Letras,0,05/03/2026 12:29:36,Aprovado
2025,PJ 8994,Automação residencial com o microcontroladores ESP32,Alex Brandão Rossow,Linhares,Linhares,Engenharia Elétrica,0,02/09/2025 17:04:50,Aprovado
2025,PJ 8977,Sistema Automatizado baseado em ESP32 para Rebobinamento de Motores Elétricos de Pequeno Porte,Ronaldo Do Amaral Oliveira,Linhares,Linhares,Engenharia Elétrica,0,02/09/2025 17:05:55,Aprovado
2025,PJ 8969,Aplicativo Educacional para Apoiar a Produção Científica no Ensino Superior,VALQUIRIA CONSTANCIO BATISTA,Linhares,Colatina,Ciência da Computação,0,24/08/2026 11:44:36,Aprovado
2025,PJ 8957,CosmoSaber: uso de mídias digitais para ensino de Astronomia,Ricardo Rodrigo Silva Lopes,Linhares,Linhares,Astronomia,0,26/02/2026 17:18:10,Aprovado
2025,PJ 8956,Medidor IoT de Energia com Controle Remoto por Aplicativo Móvel Baseado em ESP32,Ronaldo Do Amaral Oliveira,Linhares,Linhares,Engenharia Elétrica,0,02/09/2025 17:07:26,Aprovado
2025,PJ 8885,"Modelagem, Simulação e Controle Inteligente de Drones Quadricópteros com Trajetórias Otimizadas",Roberto Felipe Andrade Menezes,Linhares,Linhares,Engenharia Elétrica,0,23/05/2026 20:34:20,Aprovado
2025,PJ 8858,Aprimoramento de SLAM com Inteligência Artificial para Robôs Móveis,Carlos Torturella Valadão,Linhares,Linhares,Engenharia Elétrica,0,03/09/2025 09:00:41,Aprovado
2025,PJ 8857,Aplicação de Inteligência Artificial no Monitoramento e Otimização de Impressoras 3D de Baixo Custo,Carlos Torturella Valadão,Linhares,Linhares,Engenharia Elétrica,0,03/09/2025 09:01:02,Aprovado
2025,PJ 8704,DESENVOLVIMENTO DE ROBÔS MÓVEIS COM MAPEAMENTO E NAVEGAÇÃO AUTÔNOMA BASEADOS EM LiDAR E SLAM,Ronaldo Do Amaral Oliveira,Linhares,Linhares,Agronomia,0,02/09/2025 17:11:39,Aprovado
2025,PJ 8698,Avaliação do nível de atividade física dos servidores do Ifes campus Linhares,André Leite Serafim,Linhares,Linhares,Educação Física,0,03/09/2025 09:01:23,Aprovado
2025,PJ 8658,Estudo do potencial da casca de cacau como fonte de pectina.,Renato César De Souza Oliveira,Linhares,Linhares,Química,4,02/09/2025 17:15:45,Aprovado
2025,PJ 8633,Aplicação de um modelo de linguagem natural multimodal no controle autônomo de robôs: um estudo de caso,Lucas Vago Santana,Linhares,Linhares,Engenharia Elétrica,0,31/07/2026 07:52:09,Aprovado
2025,PJ 8562,Eficiência e Potencial das Células Solares Sensibilizadas por Corante (CSSC): Um Estudo Prático,Tales Costa De Freitas,Linhares,Linhares,Física,0,30/08/2026 12:16:13,Aprovado
2025,PJ 8510,Mapeamento e diagnóstico socioambiental das lagoas urbanas de Linhares/ES.,Fabiano Boscaglia,Linhares,Linhares,Geografia,0,02/09/2025 17:22:51,Recusado
2025,PJ 8495,DESENVOLVIMENTO DE PRATICAS DE FÍSICA UTILIZANDO REALIDADE VIRTUAL,Luciano Leonardo Sampaio Fortes,Linhares,Linhares,Física,0,03/09/2025 09:01:43,Aprovado
2025,PJ 8493,DESENVOLVIMENTO DE MÁQUINA DE ENSAIO DE TRAÇÃO DE BAIXO CUSTO PARA ANÁLISE DE MATERIAIS DE IMPRESSÃO 3D,FRANCISCO ANDSON MARQUES,Linhares,Linhares,Engenharia Mecânica,0,28/08/2026 15:10:42,Aprovado
2024,PJ 8362,Estudo da determinação colorimétrica de alumínio em amostras de água pela complexação com antocianinas do extrato de pétalas da planta Macroptilium atropurpureum (Siratro).,Marina Cominote,Linhares,Linhares,Química,0,21/08/2025 09:28:50,Aprovado
2024,PJ 8283,Sistema de monitoramento da qualidade do ar em arquitetura IoT com desenvolvimento do hardware e das funções de front-end e back-end,Alex Brandão Rossow,Linhares,Linhares,Engenharia Elétrica,0,31/08/2025 16:28:01,Aprovado
2024,PJ 8277,Implementação de Meta-heurísticas no Planejamento de Rota para Drones,Roberto Felipe Andrade Menezes,Linhares,Linhares,Engenharia Elétrica,0,02/09/2024 07:38:09,Aprovado
2024,PJ 8219,"Lucratividade, liquidez e endividamento de empresas listadas no índice Great Place to Work (IGPTW) da B3.",Tiago José Pessotti,Linhares,Linhares,Administração,0,28/08/2025 17:55:33,Aprovado
2024,PJ 7995,Desenvolvimento de uma máquina para conversão de garrafas PET em filamentos para uso em impressoras 3D.,Carlos Jones Rebello Junior,Linhares,Linhares,Ciência da Computação,0,15/08/2024 15:49:38,Recusado
2024,PJ 7976,Visão computacional com drones: um estudo de caso sobre processamento de imagens em tempo real,Lucas Vago Santana,Linhares,Linhares,Engenharia Elétrica,0,03/05/2026 05:55:51,Aprovado
2024,PJ 7972,Nível de conhecimento do endividamento financeiro dos alunos do IFES Campus Linhares,Osmar José Bertholini Pianca,Linhares,Linhares,Administração,0,21/08/2025 22:03:42,Aprovado
2024,PJ 7934,Utilização de Materiais Não Convencionais Para Filamento de Impressora 3D,FRANCISCO ANDSON MARQUES,Linhares,Linhares,Engenharia de Materiais e Metalúrgica,0,23/08/2025 19:19:20,Aprovado
2024,PJ 7925,Explorando Semicondutores e Células Fotovoltaicas: Da Teoria à Prática,Tales Costa De Freitas,Linhares,Linhares,Física,0,01/09/2025 14:30:42,Aprovado
2024,PJ 7919,‘NÍVEL DE ATIVIDADE FÍSICA’ E ‘APTIDÃO FÍSICA RELACIONADA À SAÚDE’ EM ALUNOS INGRESSANTES DOS CURSOS TÉCNICOS INTEGRADOS DO IFES/CAMPUS LINHARES,André Leite Serafim,Linhares,Linhares,Educação Física,0,02/09/2024 07:40:08,Aprovado
2023,PJ 7797,"Sensibilização e Engajamento na Gestão de Resíduos Sólidos: um Estudo no Ifes campus Linhares e Escolas Públicas do Bairro Aviso, Linhares/ES",Faiçal Gazel,Linhares,Linhares,Engenharia Sanitária,0,04/09/2024 08:46:33,Recusado
2023,PJ 7728,O trabalho pedagógico com os clássicos literários no Ensino Médio e na Graduação,Adriana Pin,Linhares,São Mateus,Letras,0,19/12/2024 10:25:06,Aprovado
2023,PJ 7719,MEDIDOR DE CONSUMO INDIVIDUAL IoT DE BAIXO CUSTO APLICADA A ENERGIA RENOVÁVEL.,Ronaldo Do Amaral Oliveira,Linhares,Linhares,Engenharia Elétrica,0,01/09/2023 16:25:01,Aprovado
2023,PJ 7674,Reconhecimento de fala em ambiente não controlado para interface com dispositivos eletrônicos,Alex Brandão Rossow,Linhares,Linhares,Engenharia Elétrica,0,04/09/2024 10:57:54,Aprovado
2023,PJ 7652,Método não intrusivo de identificação dos sinais elétricos para previsão de consumo energético,Eduardo Lima Pereira,Linhares,Linhares,Engenharia Elétrica,0,30/08/2024 16:37:55,Aprovado
2023,PJ 7640,Potencial antioxidante da polpa de diferentes variedades de cacau (Theobroma cacao L.) cultivadas no Espírito Santo,Claudio Sergio Marinato,Linhares,Linhares,Fisiologia,0,31/08/2023 08:15:09,Aprovado
2023,PJ 7627,Inclusão da Astronomia em escolas públicas de ensino básico de Linhares para engajamento dos estudantes nas áreas científicas e tecnológicas,Ricardo Rodrigo Silva Lopes,Linhares,Linhares,Astronomia,0,05/09/2024 20:14:21,Aprovado
2023,PJ 7535,Introdução à meliponicultura às margens do Rio Doce no município de Linhares - ES,KATIA APARECIDA KERN CARDOSO,Linhares,Linhares,Ecologia,0,27/08/2026 15:34:17,Aprovado
2023,PJ 7530,"Uso das antocianinas presentes na casca do cacau, do município de Linhares, como inibidores de corrosão do aço-carbono SAE 1020.",Marcio Vieira Rodrigues,Linhares,Aracruz,Química,1,13/02/2026 15:14:32,Aprovado
2023,PJ 7508,DESENVOLVIMENTO DE ROBÔS MÓVEIS DE BAIXO CUSTO PARA O ENSINO.,Ronaldo Do Amaral Oliveira,Linhares,Linhares,Engenharia Elétrica,0,31/08/2023 19:07:50,Aprovado
2023,PJ 7449,CONTROLE DE MÃO ROBÓTICA UTILIZANDO SISTEMA DE HAND TRACKING PELA REALIDADE VIRTUAL,Luciano Leonardo Sampaio Fortes,Linhares,Linhares,Engenharia Elétrica,0,24/08/2023 15:57:24,Aprovado
2023,PJ 7381,IFMaker-Bots: robótica educacional para todos,Lucas Vago Santana,Linhares,Linhares,Engenharia Elétrica,2,03/05/2026 05:53:20,Aprovado
2023,PJ 7351,NÍVEL DE ATIVIDADE FÍSICA DE ALUNOS INGRESSANTES DOS CURSOS TÉCNICOS INTEGRADOS DO IFES/CAMPUS LINHARES,André Leite Serafim,Linhares,Linhares,Educação Física,0,02/04/2024 10:44:28,Aprovado
2022,PJ 7124,Investigação do uso de antocianinas presentes em pétalas de flores como indicadores ácido-base: uma proposta didática para o ensino básico de química.,Renato César De Souza Oliveira,Linhares,Linhares,Química,1,02/05/2023 11:52:29,Aprovado
2022,PJ 7089,Estação Meteorológica de Baixo Custo para Fins Didáticos do IFES – campus Linhares.,Carlos Jones Rebello Junior,Linhares,Linhares,Ciência da Computação,0,05/09/2022 10:46:54,Aprovado
2022,PJ 7078,Intenção de consumo de produtos orgânicos pelos consumidores da região norte do Espírito Santo,Fausto Karlaire De Barros,Linhares,Linhares,Administração,0,17/08/2024 15:31:01,Recusado
2022,PJ 7070,LINHAMUNDO,Homero Alberto Gomes da Silva,Linhares,Linhares,Educação,0,25/04/2023 10:28:38,Aprovado
2022,PJ 7038,Previsão de Carga Elétrica do Ifes – campus Linhares para Apoio à Decisão na Gestão de Contratos de Energia,Guilherme Guilhermino Neto,Linhares,Linhares,Engenharia de Produção,0,04/05/2024 12:15:53,Aprovado
2022,PJ 7031,Avaliação de Resultados da Primeira Edição do Programa Centelha no Espírito Santo,Guilherme Guilhermino Neto,Linhares,Linhares,Economia,1,14/09/2023 19:06:49,Aprovado
2022,PJ 7023,Sistema de telemetria e comandos remotos com emprego do padrão de comunicação LoRaWAN,Valdeir Alfonso Bonfa,Linhares,Linhares,Engenharia Elétrica,0,05/09/2022 09:47:06,Aprovado
2022,PJ 6999,Gerenciamento de Resíduos Sólidos do Ifes Linhares,Faiçal Gazel,Linhares,Linhares,Engenharia Sanitária,0,30/08/2023 15:48:48,Aprovado
2022,PJ 6986,DESENVOLVIMENTO DE SOFT SKILLS,Daniel Franz Reich Magalhaes,Linhares,Linhares,Administração,0,30/08/2022 16:12:26,Recusado
2022,PJ 6901,Nível de conhecimento dos investimentos financeiros dos alunos do Ifes campus Linhares,Osmar José Bertholini Pianca,Linhares,Linhares,Administração,0,15/08/2023 15:26:49,Aprovado
2022,PJ 6895,"Monitoramento ambiental: aperfeiçoamento de projeto e prototipagem de um medidor de nível d’água de sistemas lacustres e fluviais, com vistas ao Gerenciamento e Redução de Riscos de Desastres (GR2D) ambientais – hidrológicos – em áreas urbanas.",WILSON PIMENTA DA SILVA D'ÁVILA,Linhares,Linhares,Engenharia Sanitária,0,31/08/2022 08:46:13,Aprovado
2022,PJ 6837,AVALIAÇÃO DO NÍVEL DE ATIVIDADE FÍSICA DOS SERVIDORES DO IFES CAMPUS LINHARES,André Leite Serafim,Linhares,Linhares,Educação Física,0,24/04/2023 14:01:19,Aprovado
2022,PJ 6703,IFMaker-Bot: O robô educacional do IFMaker,Lucas Vago Santana,Linhares,Linhares,Engenharia Elétrica,1,03/05/2026 05:53:04,Aprovado
2021,PJ 6578,Desenvolvimento de uma planta industrial aplicada a treinamentos utilizando realidade virtual,Luciano Leonardo Sampaio Fortes,Linhares,Linhares,Engenharia Elétrica,1,24/10/2024 16:25:52,Aprovado
2021,PJ 6577,Mapeamento do potencial energético de Biomassas na região de Linhares - ES.,Eduardo Lima Pereira,Linhares,Linhares,Engenharia Elétrica,0,01/09/2022 20:17:44,Aprovado
2021,PJ 6512,Desenvolvimento de sistemas de irrigação automatizados utilizando conceitos de Indústria 4.0,Erlon Cavazzana,Linhares,Linhares,Engenharia Elétrica,0,18/08/2023 15:35:31,Aprovado
2021,PJ 6487,Avaliação de saúde pré-participação esportiva e classificação de riscos.,Silvio Freire Junior,Linhares,Linhares,Educação Física,0,31/10/2023 16:56:45,Aprovado
2021,PJ 6469,ESTUDO DO NÍVEL DE ILUMINAÇÃO ARTIFICIAL DE SALAS DE AULA DO IFES LINHARES,Luis Thiago Ramos,Linhares,Linhares,Engenharia Elétrica,0,06/08/2024 15:21:02,Aprovado
2021,PJ 6454,Estudo de Eficiência Energética em Instalações Elétrica de Baixa Tensão - Comparação financeira de duas propostas de instalação: Convencional x Eficiente,Luis Thiago Ramos,Linhares,Linhares,Engenharia Elétrica,0,01/03/2026 10:10:35,Aprovado
2021,PJ 6428,Modelagem do fluxo tridimensional de água no solo visando a economia de água e de energia na irrigação,Erlon Cavazzana,Linhares,Linhares,Engenharia Elétrica,0,31/08/2023 15:26:49,Aprovado
2021,PJ 6411,Desenvolvimento de aplicações de IoT de baixo custo com emprego do protocolo MQTT e conexão Wireless,Alex Brandão Rossow,Linhares,Linhares,Engenharia Elétrica,0,12/04/2021 16:10:30,Aprovado
2021,PJ 6289,AVALIAÇÃO DE RISCO CARDIOVASCULAR EM ADOLESCENTES POR MEIO DE INDICADORES ANTROPOMÉTRICOS DE ADIPOSIDADE,André Leite Serafim,Linhares,Linhares,Educação Física,0,23/08/2022 11:18:44,Aprovado
2020,PJ 6150,Qualidade das águas das lagoas Juparanã e Nova no município de Linhares/ES: Análise de dados de parâmetros físico-químicos e microbiológicos,Marcio Vieira Rodrigues,Linhares,Linhares,Interdisciplinar,0,05/05/2023 10:11:44,Aprovado
2020,PJ 6140,Desenvolvimento Regional Sustentável do Espírito Santo-DRS/ES,Ellen Luci Bruneli Pessoa,Linhares,Linhares,Administração,0,25/07/2023 15:54:18,Aprovado
2022,PJ 6129,"MATRIZ ELÉTRICA RENOVÁVEL BRASILEIRA, POLÍTICAS PÚBLICAS PARA O SETOR DE ENERGIA E PERSPECTIVAS PARA O ESTADO DO ESPÍRITO SANTO",Daniel Franz Reich Magalhaes,Linhares,Linhares,Engenharia Elétrica,0,25/04/2022 13:22:05,Aprovado
2022,PJ 6128,LEAN APLICADO AO SETOR DE SERVIÇOS,Daniel Franz Reich Magalhaes,Linhares,Linhares,Administração,0,25/04/2022 13:20:01,Aprovado
2020,PJ 5800,Desenvolvimento de um sensor de potencial matricial do solo usando tecnologias de ‘Código Aberto’ e ‘Internet das Coisas’ com foco na avaliação de características hídricas do solo de cafezais,Erlon Cavazzana,Linhares,Linhares,Engenharia Elétrica,1,15/12/2021 09:05:49,Aprovado
2020,PJ 5637,Implementação de Interface homem-máquina (IHM) em telefone celular para comando de sistemas embarcados através de conexão sem fio.,Alex Brandão Rossow,Linhares,Linhares,Engenharia Elétrica,0,03/04/2020 14:53:54,Aprovado
2020,PJ 5635,Desenvolvimento de uma rede tipo Wireless mesh network (WMN) para coleta de dados em campo e concentração da informação.,Alex Brandão Rossow,Linhares,Linhares,Engenharia Elétrica,0,03/04/2020 14:56:02,Aprovado
2020,PJ 5631,Estudo do potencial das pétalas de Macroptilim atropurpureum (Siratro) como indicador ácido-base.,Renato César De Souza Oliveira,Linhares,Linhares,Química,0,08/04/2021 12:24:02,Aprovado
2020,PJ 5607,Impacto da variação do efluente bruto no volume de gás metano gerado na ETE Aviso para fins de produção de energia elétrica,Eduardo Lima Pereira,Linhares,Linhares,Engenharia Elétrica,0,25/04/2022 13:53:36,Aprovado
2019,PJ 5278,Desenvolvimento da interface de um sistema automático de monitoramento das características hídricas do solo de cafezais visando a economia de água e de energia na irrigação.,Erlon Cavazzana,Linhares,Linhares,Engenharia Elétrica,1,20/07/2021 09:47:32,Aprovado
2019,PJ 5127,Características físico-químicas dos alimentos provenientes dos processos de fritura.,Marina Cominote,Linhares,Linhares,Ciência e Tecnologia de Alimentos,0,26/04/2023 12:57:07,Aprovado
2019,PJ 4971,Qualidade da água das lagoas Juparanã e Nova do município de Linhares/ES nas áreas de balneabilidade.,Thieres Marassati Das Virgens,Linhares,Linhares,Engenharia Sanitária,0,30/07/2021 10:06:03,Aprovado
2019,PJ 4919,LUMINESCÊNCIA DE FOSFATOS ATIVADOS COM ÍONS DE TERRA RARA.,Renato César De Souza Oliveira,Linhares,Linhares,Química,0,16/01/2024 12:54:43,Aprovado
2018,PJ 4787,i-VANT: Um veículo aéreo não tripulado para realização de voos semiautônomos construído a partir de equipamentos comerciais,Lucas Vago Santana,Linhares,Linhares,Engenharia Elétrica,0,20/07/2021 09:48:11,Aprovado
2018,PJ 4759,Análise de Circuito de Corrente Alternada em Libras,Ralf Majevski Santos,Linhares,Linhares,Engenharia Elétrica,0,17/09/2018 15:35:46,Recusado
2018,PJ 4730,Simulação de resposta microestrutural de um material metálico policristalino à aplicação de carregamentos mecânicos,André Hemerly Maia,Linhares,Linhares,Engenharia Mecânica,0,26/08/2019 11:48:17,Recusado
2018,PJ 4629,Estudar a eficiência energética em Lâmpadas Tipo Incandescente e LED,Ralf Majevski Santos,Linhares,Linhares,Engenharia Elétrica,0,12/03/2019 13:00:47,Recusado
2018,PJ 4510,i-Plantei: Uma plataforma experimental para monitoramento de dados atmosféricos e subsídio a um sistema automático de irrigação de hortas,Lucas Vago Santana,Linhares,Linhares,Engenharia Elétrica,0,20/07/2021 09:44:14,Aprovado
2016,PJ 4406,Sistema de Gerenciamento de Dados Laboratoriais e Emissão de Relatórios Técnicos de Análises de Solo,Erlon Cavazzana,Linhares,Linhares,Engenharia Elétrica,1,03/04/2020 16:23:40,Aprovado
2017,PJ 4183,Acompanhamento dos índices de preços da cesta básica no município de Linhares pela metodologia do DIEESE,Fausto Karlaire De Barros,Linhares,Linhares,Economia,0,13/08/2018 16:07:03,Recusado
2017,PJ 4101,Avaliação da qualidade em serviços em estabelecimentos do setor terciário do Espírito Santo,Fausto Karlaire De Barros,Linhares,Linhares,Administração,0,14/08/2018 11:34:08,Recusado
2017,PJ 3990,O Jogo Minetest como facilitador do ensino de matemática nos cursos técnicos em Administração e Automação Industrial integrados ao Ensino Médio do campus Linhares,Adalto Dos Reis Junior,Linhares,Linhares,Matemática,0,13/08/2018 16:05:05,Recusado
2017,PJ 3944,Avaliação da autodepuração do rio Doce após Estação de Tratamento de Esgoto do Bairro Aviso do Município de Linhares/ES.,Marina Cominote,Linhares,Linhares,Engenharia Sanitária,0,07/08/2018 15:22:25,Aprovado
2017,PJ 3831,AVALIAÇÃO DO NÍVEL DE ATIVIDADE FÍSICA DOS SERVIDORES DO IFES CAMPUS LINHARES,André Leite Serafim,Linhares,Linhares,Educação Física,0,03/09/2019 09:54:45,Aprovado
2017,PJ 3821,Os efeitos da renda familiar no desempenho acadêmico dos alunos do IFES Campus Linhares,Osmar José Bertholini Pianca,Linhares,Linhares,Administração,0,02/08/2018 14:23:57,Aprovado
2015,PJ 3703,Hábitos de consumo de produtos agroecológicos oriundos da agricultura familiar na região urbana de Linhares/ES,Renato Miranda,Linhares,Linhares,Administração,1,16/08/2017 11:14:48,Aprovado
2017,PJ 3626,Avaliação de tratamento de efluente com elevado grau de emulsão de indústria em Linhares/ES utilizando sistema de eletrofloculação com monitoramento e controle automático tendo geração fotovoltaica como fonte energética.,Marina Cominote,Linhares,Linhares,Engenharia Sanitária,0,26/04/2023 12:58:36,Aprovado
2014,PJ 3573,Astronomia e Astronáutica no Cotidiano dos Alunos,Ricardo Rodrigo Silva Lopes,Linhares,Linhares,Astronomia,0,25/04/2022 13:18:32,Recusado
2016,PJ 3530,Avaliação da qualidade em serviços em estabelecimentos do setor terciário do Espírito Santo,Fausto Karlaire De Barros,Linhares,Linhares,Administração,0,01/08/2017 09:41:24,Aprovado
2015,PJ 2847,Leitores da Liberdade,Adriana Pin,Linhares,São Mateus,Letras,0,29/06/2015 14:31:40,Aprovado
2015,PJ 2764,Leitores da Liberdade,Adriana Pin,Linhares,São Mateus,Letras,0,23/04/2020 20:41:13,Aprovado
2015,PJ 2718,Analise de perfil socioeconômico das propriedades rurais do Assentamento Sezínio Fernandes de Jesus no município de Linhares/ES.,Joel José De Souza,Linhares,Linhares,Geografia,0,18/08/2015 13:10:38,Aprovado
2013,PJ 2046,Inglês como Ferramenta de Trabalho através do B-Learning,Nágila De Fátima Rabelo Moraes,Linhares,São Mateus,Educação,0,05/10/2014 00:21:51,Aprovado
2014,PJ 2030,TESTE,Ralf Majevski Santos,Linhares,Linhares,Matemática,0,02/10/2014 18:08:43,Aprovado
2011,PJ 767,Empregando a Dignidade – um empreendimento social para a ressocialização dos detentos de linhares.,Claudinei Pereira Goncalves,Linhares,Linhares,Arquitetura e Urbanismo,0,26/04/2013 16:11:14,Aprovado
2011,PJ 766,Sustentabilidade aqui e agora: um panorama linharense,Claudinei Pereira Goncalves,Linhares,Linhares,Arquitetura e Urbanismo,0,26/04/2013 16:05:04,Aprovado
2011,PJ 712,Calendário festivo e cultural de Linhares: uma oportunidade de desenvolvimento comercial para o município.,Ellen Luci Bruneli Pessoa,Linhares,Vitória,Planejamento Urbano e Regional,0,25/07/2023 16:02:18,Aprovado
2011,PJ 632,LEVANTAMENTO FITOSSOCIOLÓGICO E FLORÍSTICO DE UM FRAGMENTO FLORESTAL URBANO NO MUNICÍPIO DE IBATIBA - ES,Claudio Sergio Marinato,Linhares,Ibatiba,Biologia Geral,0,26/04/2023 12:57:34,Aprovado
